"id","source","line","local_datetime","original_timestamp","sender","kind","text","attachments"
"1","WhatsApp Chat with Our family.txt","1","2024-12-31 18:00:00","12/31/24, 6:00 PM","","system","Messages and calls are end-to-end encrypted.",""
"2","WhatsApp Chat with Our family.txt","2","2024-12-31 18:01:00","12/31/24, 6:01 PM","Rowan","message","A little book of our ordinary days. 💛",""
"3","WhatsApp Chat with Our family.txt","3","2024-12-31 18:02:00","12/31/24, 6:02 PM","Kit","message","Tonight's list:
Make soup
Watch the stars ✨",""
"4","WhatsApp Chat with Our family.txt","6","2025-01-01 09:15:00","1/1/25, 9:15 AM","Rowan","message","IMG-20250101-WA0001.png (file attached)
Our invented New Year's picnic.","media/00001.png"
"5","WhatsApp Chat with Our family.txt","8","2025-01-01 09:16:00","1/1/25, 9:16 AM","Kit","message","PTT-20250101-WA0002.opus (file attached)
Generated silence for an Opus playback test, not a person's voice.","media/00002.opus"
"6","WhatsApp Chat with Our family.txt","10","2025-01-01 09:17:00","1/1/25, 9:17 AM","Kit","deleted","This message was deleted",""
"7","WhatsApp Chat with Our family.txt","11","2025-02-02 10:20:00","2/2/25, 10:20 AM","Rowan","omitted","<Media omitted>",""
"8","WhatsApp Chat with Our family.txt","12","2025-02-02 10:21:00","2/2/25, 10:21 AM","Rowan","message","missing-photo.jpg (file attached)",""
"9","WhatsApp Chat with Our family.txt","13","2025-02-02 10:22:00","2/2/25, 10:22 AM","","system","Kit joined using this group's invite link",""
"10","WhatsApp Chat with Our family.txt","14","2025-02-02 10:23:00","2/2/25, 10:23 AM","Kit","message","Keep this moment. 👨‍👩‍👧‍👦",""
