issue_number,request_type,owner,repository,filed_date,state,state_reason,withdrawn,source_url,body_sha256,parse_confidence,first_issue_for_scope
1,whole_account,dfontenot,,2023-03-29,closed,completed,no,https://github.com/bigcode-project/opt-out-v2/issues/1,614f6276db04e7ea80fc20500cea280c52d42f289b29d33536b479dbd0d7df1a,high,1
2,repository,shism2,StyleGAN2,2023-04-06,closed,completed,no,https://github.com/bigcode-project/opt-out-v2/issues/2,4f0b9adc70f91887e4bc306a4321a559706c74bac8da7449945b64b5887e3e73,high,2
2,repository,shism2,Timeseries-Prediction-Models,2023-04-06,closed,completed,no,https://github.com/bigcode-project/opt-out-v2/issues/2,4f0b9adc70f91887e4bc306a4321a559706c74bac8da7449945b64b5887e3e73,high,2
3,repository,justinhartman,howto,2023-04-06,closed,completed,no,https://github.com/bigcode-project/opt-out-v2/issues/3,d7cfa4fe87689f44fecd22c336cc4c8f63e2ee93308ce30c17ce810e1a6e50b1,medium,3
7,whole_account,eigenmagic,,2023-05-05,closed,completed,no,https://github.com/bigcode-project/opt-out-v2/issues/7,4dee3f8d0b813fc37aa493b95bc30d775a72b33c4f2a08ec86cefcbfd9696929,medium,7
49,repository,josiahcarlson,rom,2023-10-17,closed,completed,no,https://github.com/bigcode-project/opt-out-v2/issues/49,0913e845d1fdf51315ae285429f6e4bdae8dc0d8ef5ced184fab1674c07da629,low,49
75,whole_account,mxamber,,2024-03-07,closed,completed,no,https://github.com/bigcode-project/opt-out-v2/issues/75,0487087f0f75a36ac3c5f4448fb8fc69b6dd3b59620e3a3a865c0a7e83651898,low,75
457,repository,rjwalsh,msp430-toolchain-builder,2024-03-20,closed,completed,no,https://github.com/bigcode-project/opt-out-v2/issues/457,b1c42de5c1f597114951bb97ededf1fa1df05495d374be717a25924fa10bc40c,high,457
550,whole_account,kdm9,,2024-03-20,closed,completed,no,https://github.com/bigcode-project/opt-out-v2/issues/550,39da440a0dfef86c81098794cbb80c190064d0049a1fdfa33ebefe74e647d050,medium,550
586,whole_account,MetaSyntactical,,2024-03-20,closed,completed,no,https://github.com/bigcode-project/opt-out-v2/issues/586,eca9bbb5b949f7ddcfc61b32baaacd42c6428734faea2756b7000314214d56c6,low,586
652,repository,edalzell,v2-addons,2024-03-20,closed,completed,no,https://github.com/bigcode-project/opt-out-v2/issues/652,6f090164f6ade6c62a8ea894e40be79d10eb2a4badd8229a1c2eda3f672cc04d,high,652
750,repository,squaregoldfish,LongWebcam,2024-03-20,closed,completed,no,https://github.com/bigcode-project/opt-out-v2/issues/750,60c779045c8679827e38b5eb4535808030d940669bb8a0586abd1800fb095260,low,750
933,repository,austin-millan,tribalwars-hull-calculator,2024-03-20,closed,completed,no,https://github.com/bigcode-project/opt-out-v2/issues/933,6de2319a0130ac5f384a4c0568ea2becc7d922086cc405af5083b289a0f1ad94,high,933
993,whole_account,samjsharpe,,2024-03-20,closed,completed,no,https://github.com/bigcode-project/opt-out-v2/issues/993,34738a4b3ffea430ac766b6239e12ffa236e452269217eacb54fca27a93701cf,high,993
1072,repository,sparkfun,SparkFun_Eagle_Settings,2024-03-20,closed,completed,no,https://github.com/bigcode-project/opt-out-v2/issues/1072,b5caf021015c17ea81ca4b82cd9df95dd48e5b3e9fe6778f51ade7d66f074368,low,1072
1075,whole_account,lotu,,2024-03-20,closed,completed,no,https://github.com/bigcode-project/opt-out-v2/issues/1075,2a6768452565a518c1892ba270a4443e62561048e5b35acef604d628b00fd338,medium,1075
1377,repository,juergh,ptdump,2024-03-21,closed,completed,no,https://github.com/bigcode-project/opt-out-v2/issues/1377,211790b41434d24a71d53c5c47a050a9d8775093407a4e95bbbc2a9f2d8e5fa9,high,1377
1394,repository,LilianHiault,tpAlgoNum,2024-03-21,closed,completed,no,https://github.com/bigcode-project/opt-out-v2/issues/1394,ca0bf2587e1b84605da0da4a71535747430c28386f49a5d4014441140834a35a,medium,1394
1401,repository,matzipan,deckgl-changes,2024-03-21,closed,completed,no,https://github.com/bigcode-project/opt-out-v2/issues/1401,0e7e61efdc1492360ffd20bde366b6fc4b35606649876eefc1569b0f8429edfc,high,1401
1666,whole_account,jrhawley,,2024-03-21,closed,completed,no,https://github.com/bigcode-project/opt-out-v2/issues/1666,68c0940340549b6bd08b0cb002f31d91b595e4f4c9a9992fc0cd98423964eef6,medium,1666
1745,whole_account,pallets,,2024-03-21,closed,completed,no,https://github.com/bigcode-project/opt-out-v2/issues/1745,db8a72e9dcbf9f6f9bfc506f4103d16f6fbccfd0845ef129c43ae29b5f458acc,low,1745
1752,whole_account,sopython,,2024-03-21,closed,completed,no,https://github.com/bigcode-project/opt-out-v2/issues/1752,cffde3787008ae2915f444d969e26f13e2c26dc37908c3cdbdc17cb746930c8b,low,1752
1861,repository,aperezdc,gotmuch,2024-03-23,closed,completed,no,https://github.com/bigcode-project/opt-out-v2/issues/1861,9f0892d6a8afc2d48d2893bc3e27d83eb50277e16824ddb4ac5bc8e329c46315,high,1861
1926,whole_account,nikothedude,,2024-03-25,closed,completed,no,https://github.com/bigcode-project/opt-out-v2/issues/1926,b36aabebf208ddd4046a5ad8d0d6503a3ba242b5bb85381e4e12f4941bbe81fd,high,1926
2036,repository,mattly,max-manta2midi,2024-04-03,closed,completed,no,https://github.com/bigcode-project/opt-out-v2/issues/2036,96a97b7e2f9a4bd103ef5ad1e8dcf3490c89e4d1f36743e43e579dea8ba9c6f8,low,2036
2063,repository,mugshepherd,slidey-mcshowington,2024-04-08,closed,completed,no,https://github.com/bigcode-project/opt-out-v2/issues/2063,a9feb7a0a5f3f6823604841556ce2c21b0a84e96bad6ba9038e322dd02cee8f9,high,2063
2129,whole_account,HereForTheHats,,2024-05-09,closed,completed,no,https://github.com/bigcode-project/opt-out-v2/issues/2129,d3104502a4faf390ed09911b06509da1b3fcd876d58f8d8160e85224efcbfbb1,medium,2129
2135,repository,tarent,kafka-local,2024-05-13,closed,completed,no,https://github.com/bigcode-project/opt-out-v2/issues/2135,53bc27618ea1e070fdb1558b0c24ca394cb1cdd415c70fce4618e057eb278fe7,medium,2135
2204,repository,ocefpaf,vega-feedstock,2024-11-07,closed,completed,no,https://github.com/bigcode-project/opt-out-v2/issues/2204,4ab395671f443dffc606ca6255118586bce4a5f7f57151cddb3deedeee00ddb8,high,2204
2356,whole_account,hoshinolina,,2026-07-24,closed,completed,no,https://github.com/bigcode-project/opt-out-v2/issues/2356,d22c5083d64bbc381ab653d4e8f50a3e4e53dd7df9bbfdbd2d3f59641cd970e9,low,2356
2671,repository,SonicRetro,skc-mod-loader,2026-07-24,closed,completed,no,https://github.com/bigcode-project/opt-out-v2/issues/2671,15da5acef33ccfb34207ad6c69a0d5a096eb95229dfbc2250981db12e05d017e,low,2671
2791,repository,kyrias,libaur,2026-07-24,closed,completed,no,https://github.com/bigcode-project/opt-out-v2/issues/2791,cf5109a44b60e096474db85ceffb6e45f4a7c77989dd1ced934b9029f15e1b87,high,2791
2807,repository,servo,servoexperiments.com,2026-07-24,closed,completed,no,https://github.com/bigcode-project/opt-out-v2/issues/2807,0a102e112f5fe2291624f51e3d780e05ca16e316b2128ebdb8970775c412989f,low,2807
2808,whole_account,syntaxxor,,2026-07-24,closed,completed,no,https://github.com/bigcode-project/opt-out-v2/issues/2808,0d284de291a8bcdd4aee75a720449059636b72e80545d87fc3fb63ef95aa4c4a,high,2808
2835,repository,claes,mpd-mqtt,2026-07-24,closed,completed,no,https://github.com/bigcode-project/opt-out-v2/issues/2835,ec023e1acff104e55348a49e09a903f144837b2689391cd4d7f6f5bc8b4fcbb4,high,2835
3004,whole_account,DSharpPlus,,2026-07-24,closed,completed,no,https://github.com/bigcode-project/opt-out-v2/issues/3004,c6f04c592a823cf21987a3dc6fa4df725c3480f2eb8af60bf43664b5294af3c0,medium,3004
3217,repository,Firesphere,silverstripe-docgenerator,2026-07-25,closed,completed,no,https://github.com/bigcode-project/opt-out-v2/issues/3217,cca9d1f50667841378d9643758401e6c7fca1a0cbe5e1b6705b90c05d5940faf,low,3217
3247,repository,Fnige,pluralsnug,2026-07-25,closed,completed,no,https://github.com/bigcode-project/opt-out-v2/issues/3247,580237d499093f3a983f5bc23fb6a953ae6bdf9ac6c4b2250b1b2788d89bea82,high,3247
3356,whole_account,Modflower,,2026-07-25,closed,completed,no,https://github.com/bigcode-project/opt-out-v2/issues/3356,4be82a870fd98a150a8fdb39647c821f5139bc3405d2ddfde180c44565fe331e,low,3356
3356,whole_account,the-glitch-network,,2026-07-25,closed,completed,no,https://github.com/bigcode-project/opt-out-v2/issues/3356,4be82a870fd98a150a8fdb39647c821f5139bc3405d2ddfde180c44565fe331e,low,3356
3520,repository,Minebench,ChestShopTools,2026-07-25,closed,completed,no,https://github.com/bigcode-project/opt-out-v2/issues/3520,d4659069c26280ad330a57c64f35c4a26e98d3a31c06b78fbea87e9fd3313d3b,medium,3520
3543,repository,pleonex,rticonnextdds-examples,2026-07-25,closed,completed,no,https://github.com/bigcode-project/opt-out-v2/issues/3543,f1dccf0505a564c009c63d224d30cda3d10bdf12b656e9805a51f8f9a19f374f,high,3543
3714,repository,spsandwichman,marsboot,2026-07-25,closed,completed,no,https://github.com/bigcode-project/opt-out-v2/issues/3714,e53d22d4e1e209541bdf769c429712387f2ede77ed9d31df604f31dcd24fb715,high,3714
3800,whole_account,zagor,,2026-07-25,closed,completed,no,https://github.com/bigcode-project/opt-out-v2/issues/3800,7b8d71600b793d9d4732b668a8ddc0390a3fdf7f8bd55d0ff78d9b7e083420bf,high,3800
3818,whole_account,faolan42,,2026-07-25,closed,completed,no,https://github.com/bigcode-project/opt-out-v2/issues/3818,ab5339acd9906c798bb3856d91442858da39149faddee0bf53263ede6c1f9ce5,low,3818
3885,whole_account,hyenabyte,,2026-07-25,closed,completed,no,https://github.com/bigcode-project/opt-out-v2/issues/3885,4647e6729ab415e2a1d532f9797c12553134821a539923fcdfe953562c0119f8,medium,3885
4160,repository,Johnd,ScotFail,2026-07-25,closed,completed,no,https://github.com/bigcode-project/opt-out-v2/issues/4160,3c239d106070ad977c4b56b7165301cec4c33d8a19c29043193cd22c39d4fb35,high,4160
4188,repository,kaievns,searchable_by,2026-07-25,closed,completed,no,https://github.com/bigcode-project/opt-out-v2/issues/4188,e9bc68fac632cd458ff8ec2439defb88ca1348f9417aaba41c53d9d15633e5ab,high,4188
4622,repository,Exiled-Team,SerpentsHand,2026-07-26,closed,completed,no,https://github.com/bigcode-project/opt-out-v2/issues/4622,ba49bc37b413789f26bd2b4d21772c07c16fa5b8dd599f857b219f2a8a8affee,low,4622
4667,repository,TheNuclearNexus,BeetSemantics,2026-07-26,closed,completed,no,https://github.com/bigcode-project/opt-out-v2/issues/4667,c1bec5999ce8c34c6da42eea3fd8688941c37e2697aab35fb5d4c9d8680d8946,high,4667
4781,whole_account,USERNAME,,2026-07-26,closed,completed,no,https://github.com/bigcode-project/opt-out-v2/issues/4781,ce58974b8559b517e0ffac9164516963a526d135334c4f675698cbf3700e9671,medium,172
4838,whole_account,viethung21IT,,2026-07-26,closed,completed,no,https://github.com/bigcode-project/opt-out-v2/issues/4838,7f764e55dff900ff6977ba7136bea8571a037c73b470c63dbcced9f5bbdf8850,high,4838
4866,repository,qbit,pifer,2026-07-26,closed,completed,no,https://github.com/bigcode-project/opt-out-v2/issues/4866,ae719f5e6d98511002d4392c120dcab2bb0776d2cdf4752e0c6d6432d0762cff,high,4866
5003,repository,samueldr,HAC-overlay,2026-07-26,closed,completed,no,https://github.com/bigcode-project/opt-out-v2/issues/5003,7ce4e2cf374b46d907b1b01a80328cbe06751baa497510343aa1d259b6c1ba66,low,5003
5003,repository,samueldr-wip,curl,2026-07-26,closed,completed,no,https://github.com/bigcode-project/opt-out-v2/issues/5003,7ce4e2cf374b46d907b1b01a80328cbe06751baa497510343aa1d259b6c1ba66,low,5003
5006,repository,K0bin,SourceRenderer,2026-07-26,closed,completed,no,https://github.com/bigcode-project/opt-out-v2/issues/5006,a5e892824111b6c6ec6e54e3b69c6c3706593bcd1e58d15ec0b3ec3df8d80109,medium,5006
5119,repository,alexhelvetica,gtfs-shortest-distance-between-stops,2026-07-26,closed,completed,no,https://github.com/bigcode-project/opt-out-v2/issues/5119,cb44d6ead86a9255d2ea2234b8fd34c3f43b99b4917cbb5c5c89b024b8b931b1,medium,5119
5584,repository,bernikr,VWA-example,2026-07-27,closed,completed,no,https://github.com/bigcode-project/opt-out-v2/issues/5584,4f346157ae26da0eea83c25ece3674cadd1bf853165c2a5ad4dd88b03f2ecd23,high,5584
5591,repository,mgedmin,wheelwright,2026-07-27,closed,completed,no,https://github.com/bigcode-project/opt-out-v2/issues/5591,02746002a1313dce032990b2a3c1e259c10b077660437b8e6dda1903ac4ed59b,high,5591
5644,repository,php,.github,2026-07-27,open,,no,https://github.com/bigcode-project/opt-out-v2/issues/5644,15b812442f6a578e76d40a2b6aafc884d829ba8f9f9ada54726deab6f384c737,high,5644
5644,repository,php,doc-tr,2026-07-27,open,,no,https://github.com/bigcode-project/opt-out-v2/issues/5644,15b812442f6a578e76d40a2b6aafc884d829ba8f9f9ada54726deab6f384c737,high,5644
5644,repository,php,pecl-database-mysqlnd_memcache,2026-07-27,open,,no,https://github.com/bigcode-project/opt-out-v2/issues/5644,15b812442f6a578e76d40a2b6aafc884d829ba8f9f9ada54726deab6f384c737,high,5644
5644,repository,php,pecl-file_system-phdfs,2026-07-27,open,,no,https://github.com/bigcode-project/opt-out-v2/issues/5644,15b812442f6a578e76d40a2b6aafc884d829ba8f9f9ada54726deab6f384c737,high,5644
5644,repository,php,pecl-networking-tcpwrap,2026-07-27,open,,no,https://github.com/bigcode-project/opt-out-v2/issues/5644,15b812442f6a578e76d40a2b6aafc884d829ba8f9f9ada54726deab6f384c737,high,5644
5644,repository,php,pecl-security-selinux,2026-07-27,open,,no,https://github.com/bigcode-project/opt-out-v2/issues/5644,15b812442f6a578e76d40a2b6aafc884d829ba8f9f9ada54726deab6f384c737,high,5644
5644,repository,php,pecl-web_services-yar,2026-07-27,open,,no,https://github.com/bigcode-project/opt-out-v2/issues/5644,15b812442f6a578e76d40a2b6aafc884d829ba8f9f9ada54726deab6f384c737,high,5644
5644,repository,php,real-time-benchmark-data,2026-07-27,open,,no,https://github.com/bigcode-project/opt-out-v2/issues/5644,15b812442f6a578e76d40a2b6aafc884d829ba8f9f9ada54726deab6f384c737,high,5644
5644,repository,php,web-pres2,2026-07-27,open,,no,https://github.com/bigcode-project/opt-out-v2/issues/5644,15b812442f6a578e76d40a2b6aafc884d829ba8f9f9ada54726deab6f384c737,high,5644
5946,whole_account,ActualMandM,,2026-07-27,closed,completed,no,https://github.com/bigcode-project/opt-out-v2/issues/5946,9f3061ed8a7fce3e13eb7cacfbd104e72815b3f2683798482ea739da639d01d2,medium,5943
5967,whole_account,03Sys,,2026-07-27,closed,completed,no,https://github.com/bigcode-project/opt-out-v2/issues/5967,b4c181c017dca69f1a4cecb493fd72fd80b6a27120e52786020d97515156a30e,low,5967
5985,whole_account,neintonine,,2026-07-27,closed,completed,no,https://github.com/bigcode-project/opt-out-v2/issues/5985,2e3b70bf9d169a25c16d3e757bbf80839ebf004c820629f73aac124554113d40,high,5985
6089,repository,LocalGoddess,BrackeysGameJam-2023.1,2026-07-27,closed,completed,no,https://github.com/bigcode-project/opt-out-v2/issues/6089,c9e18fac9c24ad054a799a875c618a6c707261fd3215b6d0056acfe1666ab72c,high,6089
6349,repository,Jana-Marie,EasyCoder-PX6i-Hack,2026-07-28,closed,completed,no,https://github.com/bigcode-project/opt-out-v2/issues/6349,42e92233a55cc03892fb45864bc1123a3c4f1b0dfdc374760d77d817cb236bc1,high,6349
6371,repository,sumrix,WowLauncher,2026-07-28,open,,UNKNOWN,https://github.com/bigcode-project/opt-out-v2/issues/6371,bd362b1fdd27a7d47515b7f24e558fe7a4cde32ba8636a01319afd04d9edf258,low,2349
6450,whole_account,X-Hax,,2026-07-28,open,,no,https://github.com/bigcode-project/opt-out-v2/issues/6450,2a25112000427ed95ff1f618924478efdd5a2407e40efcbbe7504f354dcf01fc,low,6450
6610,whole_account,xibrox,,2026-07-28,closed,completed,no,https://github.com/bigcode-project/opt-out-v2/issues/6610,d95de8e70c37cf7c5e8bf01aee8860add099e345b9e543945afb3b410e2c8ab0,high,6610
6653,whole_account,crss666,,2026-07-28,closed,completed,no,https://github.com/bigcode-project/opt-out-v2/issues/6653,f463247ec98b24ef01546f4b5705ba6660ac69946075a941a0b04fa634608ac3,low,6653
6673,whole_account,GTNewHorizons,,2026-07-29,open,,no,https://github.com/bigcode-project/opt-out-v2/issues/6673,77ce0db9fcccedb8de73cf00926a4c73972454c474ca8aa1c34d1ed485fc636c,medium,6673
6687,repository,Bryce-Dixon,godot-alexandria-example,2026-07-29,closed,completed,no,https://github.com/bigcode-project/opt-out-v2/issues/6687,70e4ad9a48ce96b19c66026ddce20eeef8fcea6869d80f02f0a428045327ea5c,medium,6687
6753,repository,FreeCAD,FreeCAD-addons,2026-07-29,open,,no,https://github.com/bigcode-project/opt-out-v2/issues/6753,9d2caa2d7582bdf274b108c6fd623a08f9c6d5b799c690b03b0cb944b5cbd1ff,high,6753
6865,repository,guardian,demo-threatened-species,2026-07-30,closed,completed,no,https://github.com/bigcode-project/opt-out-v2/issues/6865,a21959092297962d05cbb54d3dd32d7351836589ca153f9f37e347fe5c5a1aab,medium,6865
6865,repository,guardian,interactive-ebola,2026-07-30,closed,completed,no,https://github.com/bigcode-project/opt-out-v2/issues/6865,a21959092297962d05cbb54d3dd32d7351836589ca153f9f37e347fe5c5a1aab,medium,6865
6865,repository,guardian,path-manager,2026-07-30,closed,completed,no,https://github.com/bigcode-project/opt-out-v2/issues/6865,a21959092297962d05cbb54d3dd32d7351836589ca153f9f37e347fe5c5a1aab,medium,6865
6885,repository,AnyTimeTraveler,cloudatcost.storageapi,2026-07-30,closed,completed,no,https://github.com/bigcode-project/opt-out-v2/issues/6885,c46a66d23a3fe57df145d18d60e451cb35ca5d2be20cf1624dfbdf9c85387ba2,high,6885
6946,repository,bbc,aws-stack-drift-lambda,2026-07-31,closed,completed,no,https://github.com/bigcode-project/opt-out-v2/issues/6946,003b47977c732a23ee09d25428e491161db4cd18f8ee33ca77861cc53cab4da4,medium,6946
6949,whole_account,SonK4m3,,2026-07-31,closed,completed,no,https://github.com/bigcode-project/opt-out-v2/issues/6949,3a68ab4a68b2cc0f0ac64c136afb5d720197b2cbf2b2a823506bc2593d076689,medium,6949
7003,whole_account,andreapanontin,,2026-07-31,closed,completed,no,https://github.com/bigcode-project/opt-out-v2/issues/7003,b309e7a13dd749865da449ed91d6ea660d55ede488549e7f099d09de79f33311,high,7003
12885,whole_account,spacetelescope,,2026-08-11,open,,no,https://github.com/bigcode-project/opt-out-v2/issues/12885,131c42830667446ed27322c8793bb045e33782b268623695f1e49ddd38179adb,high,12885
12904,whole_account,bbl-team,,2026-08-11,closed,completed,no,https://github.com/bigcode-project/opt-out-v2/issues/12904,08f917083545b6237c9bcf7ed124e5dde7dc34c2874123993928c02a3fb9a4df,high,12904
13310,whole_account,vivekgupta4Git,,2026-09-06,closed,completed,no,https://github.com/bigcode-project/opt-out-v2/issues/13310,69c3e09ee4f0f63c2694f947790a51c146ef38d55db679f12c00902de89d210e,high,13310
13738,whole_account,securitym0nkey,,2026-09-25,open,,no,https://github.com/bigcode-project/opt-out-v2/issues/13738,87377e3785192923f10f5224231c8dffb6a4c38543fa8348faa3d1172faf90fc,high,13738
13740,whole_account,dogboydog,,2026-09-25,open,,no,https://github.com/bigcode-project/opt-out-v2/issues/13740,d0614d94ab4d5f077fc7e2135015824c8aa48b43721351dcd85e9746c8020dff,high,13740
13743,whole_account,TheDoorworlds,,2026-09-25,open,,no,https://github.com/bigcode-project/opt-out-v2/issues/13743,aeb719120a3b176d4084d72564be21262236a83e55e094f1f9e5d8db43afee71,high,13743
13745,whole_account,esaulpaugh,,2026-09-25,open,,no,https://github.com/bigcode-project/opt-out-v2/issues/13745,ab19f94e9691ed79585cffb1bb2a22feb5471473879b5ced8d463fcb63a84c60,high,13745
13747,whole_account,TheDaChicken,,2026-09-25,open,,no,https://github.com/bigcode-project/opt-out-v2/issues/13747,b81e94d247f1dba78ae755c215410b622a0200b560081e706d0ac8fd2a475afe,medium,13747
13748,whole_account,g-turley,,2026-09-26,open,,no,https://github.com/bigcode-project/opt-out-v2/issues/13748,10a2cc93ff3ab40446e63a90231d8223338c37095c0a124df02c1c0393012f61,high,13748
13750,whole_account,arranf,,2026-09-26,open,,no,https://github.com/bigcode-project/opt-out-v2/issues/13750,d081ae67beee98152e383c2e61c11da7ade32d1d904e859d680d564052918080,high,13750
13752,whole_account,0xb01u,,2026-09-26,open,,no,https://github.com/bigcode-project/opt-out-v2/issues/13752,7f5397f22a475ab585512ff75dc7304dcc48f049f16d0abe32c8bcdb29ea0922,high,13752
13754,whole_account,Cosmic-Shores,,2026-09-26,open,,no,https://github.com/bigcode-project/opt-out-v2/issues/13754,10207d98a13c100c289acd15d017bd10eb5d8e4ba1d6341e6ef1bb26a2218572,high,13754
13756,whole_account,Aman-Anas,,2026-09-26,open,,no,https://github.com/bigcode-project/opt-out-v2/issues/13756,d7e23e3ef61ac416f443d47a7420f00a097f9034948b5e0b9c3863b2ba2555e1,high,13756
