issue_number,source_url
29,https://github.com/bigcode-project/opt-out-v2/issues/29
65,https://github.com/bigcode-project/opt-out-v2/issues/65
209,https://github.com/bigcode-project/opt-out-v2/issues/209
497,https://github.com/bigcode-project/opt-out-v2/issues/497
534,https://github.com/bigcode-project/opt-out-v2/issues/534
536,https://github.com/bigcode-project/opt-out-v2/issues/536
541,https://github.com/bigcode-project/opt-out-v2/issues/541
590,https://github.com/bigcode-project/opt-out-v2/issues/590
778,https://github.com/bigcode-project/opt-out-v2/issues/778
837,https://github.com/bigcode-project/opt-out-v2/issues/837
