path,sha256,taken_date_utc,source,albums,caption,size_bytes,sidecar_match,note
Library/2019/01/exif_big.jpg,d230e14163c1395f1c1cc591996c3d2d5ff115c89afe8f0c45e57144e28b6421,2019-01-16T15:00:00Z,takeout-001.zip : Takeout/Google Photos/Photos from 2019/exif_big.jpg,,,320,exact,added DateTimeOriginal to existing EXIF
Library/2019/01/exif_ifd0only.jpg,15731db09ced062cbbe8b745a8c03dd38c14c51d378751b5f7513a4ccf1f1430,2019-01-17T15:00:00Z,takeout-001.zip : Takeout/Google Photos/Photos from 2019/exif_ifd0only.jpg,,,304,exact,added DateTimeOriginal to existing EXIF
Library/2019/01/exif_ifd0only_be.jpg,4469d431750dc0124024faee46aa057ab482e75f12bebb5bff4a2100e280dc61,2019-01-18T15:00:00Z,takeout-001.zip : Takeout/Google Photos/Photos from 2019/exif_ifd0only_be.jpg,,,304,exact,added DateTimeOriginal to existing EXIF
Library/2019/01/exif_nodto.jpg,268957ac4a3f2265257ceb88674a3d7df2f19b200ca6683d90324c1a5acd4165,2019-01-15T15:00:00Z,takeout-001.zip : Takeout/Google Photos/Photos from 2019/exif_nodto.jpg,,,320,exact,added DateTimeOriginal to existing EXIF
Library/2019/03/dup(1).jpg,873a9e3b6d5c15b65afa2e9d7e9591b8590bc093e769af3576679f8d51ea0a25,2019-03-02T00:00:00Z,takeout-001.zip : Takeout/Google Photos/Photos from 2019/dup(1).jpg,,,265,dup+exact,added EXIF
Library/2019/03/dup.jpg,16e0524f6f29a4dedd0761379a09b481c905937490d9ba1ab77e553bf1185993,2019-03-01T00:00:00Z,takeout-001.zip : Takeout/Google Photos/Photos from 2019/dup.jpg,,,266,exact,added EXIF
Library/2019/04/dupsup(1).jpg,10b68c1b84e5fb16e12aa302546f8aec0dc4b6d8192067e0a66ce95d9190de64,2019-04-02T00:00:00Z,takeout-001.zip : Takeout/Google Photos/Photos from 2019/dupsup(1).jpg,,,266,dup+exact,added EXIF
Library/2019/04/dupsup.jpg,66755b206a95bf2565b0fb57626ca51d54f3cd3b9b31d10fd24f4ffb4504f533,2019-04-01T00:00:00Z,takeout-001.zip : Takeout/Google Photos/Photos from 2019/dupsup.jpg,,,265,exact,added EXIF
Library/2019/05/Foto-bearbeitet.jpg,dfbfbc122f11327eaf169e060b54943f17801f87bdca917192af7295bdefe54f,2019-05-05T05:05:05Z,takeout-001.zip : Takeout/Google Photos/Photos from 2019/Foto-bearbeitet.jpg,,Oma,266,edited+exact,added EXIF
Library/2019/06/MVIMG_001.jpg,b6a6b5c62ecce2b9636861e7c05bf03bfadc71f049dfb2076d5bd6d9dd49b9f9,2019-06-06T06:06:06Z,takeout-001.zip : Takeout/Google Photos/Photos from 2019/MVIMG_001.jpg,,,266,exact,added EXIF
Library/2019/06/MVIMG_001.mp4,6999bbb30d71f1054aaba93668a83003ec70fc6bb024836f23c71564da233de2,2019-06-06T06:06:06Z,takeout-001.zip : Takeout/Google Photos/Photos from 2019/MVIMG_001.mp4,,,60,motion-pair,
Library/2019/07/beach-edited.jpg,5f7aa5f88a35a8a0d9303ba16e4d890ae53c41b52dc191935d9adddcad5c7623,2019-07-04T12:00:00Z,takeout-001.zip : Takeout/Google Photos/Photos from 2019/beach-edited.jpg,,Sunny day,272,edited+exact,added EXIF
Library/2019/07/beach.jpg,b52a8afe86b52a54e78b3f4630d1815b706f530817646d69f59e70a3ced512b9,2019-07-04T12:00:00Z,takeout-001.zip : Takeout/Google Photos/Photos from 2019/beach.jpg | takeout-002.zip : Takeout/Google Photos/Summer Trip/beach.jpg,Summer Trip,Sunny day | Beach with Anna,272,exact,added EXIF
Library/2019/07/trip_only.jpg,9d65b161c4a940c76e21fecf377169d6892d051011d06c5a514ada8074174df0,2019-07-05T08:00:00Z,takeout-002.zip : Takeout/Google Photos/Summer Trip/trip_only.jpg,Summer Trip,Only in the album,268,exact,added EXIF
Library/2019/08/sunset.jpg,ed49d12319b182730176fb3b4809dc707d8ce097ba9e55e395fdf93a40658fc5,2019-08-01T00:00:00Z,takeout-001.zip : Takeout/Google Photos/Photos from 2019/sunset.jpg | takeout-002.zip : Takeout/Google Photos/Summer Trip/sunset.jpg,Summer Trip,,283,exact,already has DateTimeOriginal
Library/2019/09/IMG_20190704_101010_HDR_something.jpg,28611d42c20975c998b318e2e10555e1659eba9ad04a90f0eae542e687cfc79c,2019-09-09T09:09:09Z,takeout-001.zip : Takeout/Google Photos/Photos from 2019/IMG_20190704_101010_HDR_something.jpg,,,266,truncated,added EXIF
Library/2019/10/a_very_long_file_name_that_will_be_truncated_by_google_photos_export.jpg,efc2720cab26b23d8359458435d61ffcbda38e9127d81b726227a511b980feac,2019-10-10T10:10:10Z,takeout-001.zip : Takeout/Google Photos/Photos from 2019/a_very_long_file_name_that_will_be_truncated_by_google_photos_export.jpg,,,268,truncated,added EXIF
Library/2019/11/chart.png,1ad9e714dfafc7805e33236df40399972ff0c52b32e033285b433be6ef745450,2019-11-11T11:11:11Z,takeout-001.zip : Takeout/Google Photos/Photos from 2019/chart.png,,A chart,140,exact,
Library/2019/12/clip.mp4,3535ac7699f5e4558cd8bfe5324dd881530e1b6cb48b7ac155d249189496a04c,2019-12-12T12:12:12Z,takeout-001.zip : Takeout/Google Photos/Photos from 2019/clip.mp4,,,60,exact,
Library/2020/02/urlaub.jpg,4446feb866c370ab9eea1426a287c503e18bf1f4a1a0c0d2610c424ca5f08ed8,2020-02-29T23:59:59Z,takeout-001.zip : Takeout/Google Photos/Fotos von 2020/urlaub.jpg,,Ski trip,271,exact,added EXIF
Library/2021/05/cake.jpg,e69eaffedea3cc77d1a6ef8d13752d855945946ec79e9713225a09faf7a6d0fd,2021-05-05T15:30:00Z,takeout-002.zip : Takeout/Google Photos/Birthday_ 5th/cake.jpg,Birthday: 5th,"'=HYPERLINK(""x"")",266,exact,added EXIF
Library/2021/06/same (2).jpg,75b72ee6416608095c12a2c22ab942d4124365a7fb1319a6ea25fb3e1c63b5db,2021-06-02T00:00:00Z,takeout-002.zip : Takeout/Google Photos/Birthday_ 5th/same.jpg,Birthday: 5th,,265,exact,added EXIF
Library/2021/06/same.jpg,5a38c97c051840ff57ecb0d8d7ea0dca2594ec00fa43245537939d538f608a6e,2021-06-01T00:00:00Z,takeout-001.zip : Takeout/Google Photos/Photos from 2021/same.jpg,,,266,exact,added EXIF
Library/2021/07/arch.jpg,c4abe258e061d0ffd2a814714bf622b41aa1eed025387444482eb6077bd146b1,2021-07-07T07:07:07Z,takeout-001.zip : Takeout/Google Photos/Archive/arch.jpg,,Kept in archive,265,exact,added EXIF
Library/Undated/badtime.jpg,9e60e84c281e34d83959cf684cf5011020d2b64f18d5a6619758843497fb56e8,,takeout-001.zip : Takeout/Google Photos/Photos from 2019/badtime.jpg,,,171,exact,
Library/Undated/orphan.png,ffc9740e11f4c0d47e7d98dca458e8804506799927c64102fea008b42e0a3014,,takeout-001.zip : Takeout/Google Photos/Photos from 2019/orphan.png,,,138,none,
