"folder","favorite","type","name","notes","fields","reprompt","login_uri","login_username","login_password","login_totp","passkey","card_number","security_question","security_answer"
"","","login","Family email","CANARY_FAMILY_0_notes","CANARY_FAMILY_0_fields","","https://mail.google.com","alex@example.invalid","CANARY_FAMILY_0_loginpassword","CANARY_FAMILY_0_logintotp","CANARY_FAMILY_0_passkey","CANARY_FAMILY_0_cardnumber","CANARY_FAMILY_0_securityquestion","CANARY_FAMILY_0_securityanswer"
"","","login","Household banking","CANARY_FAMILY_1_notes","CANARY_FAMILY_1_fields","","https://bank.example.invalid","alex.family","CANARY_FAMILY_1_loginpassword","CANARY_FAMILY_1_logintotp","CANARY_FAMILY_1_passkey","CANARY_FAMILY_1_cardnumber","CANARY_FAMILY_1_securityquestion","CANARY_FAMILY_1_securityanswer"
"","","login","Mobile phone","CANARY_FAMILY_2_notes","CANARY_FAMILY_2_fields","","https://phone.example.invalid","family@example.invalid","CANARY_FAMILY_2_loginpassword","CANARY_FAMILY_2_logintotp","CANARY_FAMILY_2_passkey","CANARY_FAMILY_2_cardnumber","CANARY_FAMILY_2_securityquestion","CANARY_FAMILY_2_securityanswer"
"","","login","Shopping account","CANARY_FAMILY_3_notes","CANARY_FAMILY_3_fields","","https://www.ebay.com","family-shop","CANARY_FAMILY_3_loginpassword","CANARY_FAMILY_3_logintotp","CANARY_FAMILY_3_passkey","CANARY_FAMILY_3_cardnumber","CANARY_FAMILY_3_securityquestion","CANARY_FAMILY_3_securityanswer"
"","","login","Social account","CANARY_FAMILY_4_notes","CANARY_FAMILY_4_fields","","https://www.pinterest.com","alex-art","CANARY_FAMILY_4_loginpassword","CANARY_FAMILY_4_logintotp","CANARY_FAMILY_4_passkey","CANARY_FAMILY_4_cardnumber","CANARY_FAMILY_4_securityquestion","CANARY_FAMILY_4_securityanswer"
"","","login","Work account","CANARY_FAMILY_5_notes","CANARY_FAMILY_5_fields","","https://github.com","alex-work","CANARY_FAMILY_5_loginpassword","CANARY_FAMILY_5_logintotp","CANARY_FAMILY_5_passkey","CANARY_FAMILY_5_cardnumber","CANARY_FAMILY_5_securityquestion","CANARY_FAMILY_5_securityanswer"
"","","login","Library account","CANARY_FAMILY_6_notes","CANARY_FAMILY_6_fields","","https://library.example.invalid","alex-reader","CANARY_FAMILY_6_loginpassword","CANARY_FAMILY_6_logintotp","CANARY_FAMILY_6_passkey","CANARY_FAMILY_6_cardnumber","CANARY_FAMILY_6_securityquestion","CANARY_FAMILY_6_securityanswer"
"","","login","Apple account","CANARY_FAMILY_7_notes","CANARY_FAMILY_7_fields","","https://icloud.com","alex@example.invalid","CANARY_FAMILY_7_loginpassword","CANARY_FAMILY_7_logintotp","CANARY_FAMILY_7_passkey","CANARY_FAMILY_7_cardnumber","CANARY_FAMILY_7_securityquestion","CANARY_FAMILY_7_securityanswer"
"","","note","Ignored private note","CANARY_NOTE_ONLY","CANARY_NOTE_ONLY","","","","CANARY_NOTE_ONLY","CANARY_NOTE_ONLY","CANARY_NOTE_ONLY","CANARY_NOTE_ONLY","CANARY_NOTE_ONLY","CANARY_NOTE_ONLY"
"","","login","Family email","CANARY_FAMILY_0_notes","CANARY_FAMILY_0_fields","","https://mail.google.com","alex@example.invalid","CANARY_FAMILY_0_loginpassword","CANARY_FAMILY_0_logintotp","CANARY_FAMILY_0_passkey","CANARY_FAMILY_0_cardnumber","CANARY_FAMILY_0_securityquestion","CANARY_FAMILY_0_securityanswer"
"bad","column count"
